timestamp,level,feedback_round,selected_words,user_sentence,ai_feedback,word_stars,sentence_stars
2026-02-10 11:45:50,1,第1次回饋,"duck,rose,snow",They are ducks and roses on the snow,"【事實參考】 圖片中真實存在的正確單字: duck, rose, snow 學生選中的正確單字: duck, rose, snow 學生遺漏的單字: 學生目前造句: 『They are ducks and roses on the snow』 要求句型: 『使用 These/Those/They are 造句』   1. 單字提示：針對遺漏單字提供線索 學生已經選中所有正確單字，沒有遺漏。  2. 文法修正：檢查句子文法與單字拼法 They are ducks and roses on the snow. (句型正確，單字拼寫正確)  3. 畫面引導建議：如何讓句子更接近圖片內容 請試著描述圖片中「只有一種」東西的數量，例如：圖片中有幾隻在水裡游的動物？",0,0
2026-02-10 11:46:39,1,第2次回饋,"duck,rose,snow",They are a duck and some roses on the snow., 1. 單字提示：恭喜你，你已經選對了圖片中所有的單字！目前沒有遺漏的單字需要提示喔。  2. 文法修正：你的句子文法非常正確，單字拼寫也都正確！  3. 畫面引導建議：建議一：試著描述一下那隻在水面上游動的動物的顏色。建議二：試著描述一下那些花朵的顏色，它們看起來是紅色的。,0,0
2026-02-10 12:26:46,1,第1次回饋,"boat,rose,cat",thathbtjg, 1. 單字提示：針對遺漏單字提供線索 牠是一種會呱呱叫、經常在水邊游泳的鳥類。 它是冬天從天上掉下來的白色、冰冷的結晶。  2. 文法修正：檢查句子文法與單字拼法 目前的句子看起來像隨意的字母組合，請試著使用「What is it/are they doing?」這個問句句型來提問。例如，如果圖片中只有一隻動物，開頭應該是 What is it doing?  3. 畫面引導建議：如何讓句子更接近圖片內容 請在你的問句中加入「正在做動作」的單字，例如，如果你在圖片中看到那隻「會呱呱叫的鳥」，牠可能正在做什麼動作？請將這個動作放進你的問句中。,1,0,1
2026-02-11 10:52:34,1,第1次回饋,"bird,rose,snow",They are a bird and some roses on the snow., 1. 單字提示：針對遺漏單字提供線索  請仔細觀察畫面中在白色地面上，有著扁平嘴巴和蹼狀腳掌的動物。  2. 文法修正：檢查句子文法與單字拼法  你的句子開頭使用 They are 是符合要求的。但是，請注意你提到那個有翅膀的動物 (bird) 似乎不太對，請檢查它的腳是不是有蹼。另外，如果只提到一個東西，我們通常不會用 They are 開頭。  3. 畫面引導建議：如何讓句子更接近圖片內容  請試著將那個有蹼的動物和那些花朵一起放進你的句子裡，並說明牠們都在白色的地面上。,2,3,5
2026-02-11 10:53:48,1,第2次回饋,"duck,rose,snow",They are a duck and some roses on the white snow., 1. 單字提示：你已經找到所有圖片中真實存在的單字了，表現得很棒！  2. 文法修正：你的句子結構很完整。不過，當我們用 They are 來介紹畫面中的東西時，通常會直接列出這些東西。請試著將『a duck and some roses』這兩個主要物品放在一起，不要急著加入『on the white snow』這個位置資訊。  3. 畫面引導建議：你已經提到畫面中有『duck』了。請看一看這隻動物的顏色是什麼？你可以試著在『duck』前面加上這個顏色單字。,3,4,7
2026-02-11 10:54:16,1,第3次回饋,"duck,rose,snow",They are a yellow duck and some roses on the white snow., 1. 單字提示：恭喜你，你已經找到圖片中所有主要的正確單字了！  2. 文法修正：你的句子是 They are a yellow duck and some roses on the white snow. 這裡的 They are (牠們是) 通常用來指稱複數的東西。當你接著說 a yellow duck (一隻黃色的小動物) 時，主詞和第一個物品的數量會有點不搭配。請試著將句子開頭改成 These are (這些是) 或 Those are (那些是)，這樣會更符合你後面列舉的物品喔。  3. 畫面引導建議：你的句子已經很棒了，包含了顏色和數量。現在，我們來增加一個細節：那些花朵與黃色小動物的相對位置是什麼呢？請試著在句子中加入一個表示位置的介系詞，例如：在旁邊、在附近、或在前面。,3,4,7
2026-02-11 10:55:05,1,生成圖片階段,"duck,rose,snow",They are yellow ducks and some roses on the white snow.,N/A,3,4,7
2026-02-12 17:00:12,1,第1次回饋,"duck,rose,snow",what is the duck doing? It is eat the rose in the snow.,"圖片中所有正確單字（duck, rose, snow）學生都已經選出來了，目前沒有遺漏的單字需要提示喔。  你的問句句型很棒，但請記得句首第一個字母要大寫。另外，『It is』後面接動詞時，動詞要加上 ing 喔。請將 eat 改為 eating。   1. 你的句子已經描述了 duck 在 snow 裡，但牠真的在吃 rose 嗎？請再仔細看看 duck 的嘴巴。 2. rose 是在 snow 的上面還是旁邊呢？請試著描述 rose 的位置。 3. rose 是什麼顏色的呢？請試著在句子中增加這個細節。",3,2,5
2026-02-12 17:01:10,1,第2次回饋,"duck,rose,snow",what is the duck doing? It is eating the red rose in the snow., 1. 單字提示：針對遺漏單字提供線索 恭喜你，你已經找到圖片中所有正確的單字了！  2. 文法修正：檢查句子文法與單字拼法 你的問句開頭第一個字母需要大寫。你的問句結構 (What is the duck doing?) 和答句結構 (It is eating the red rose in the snow.) 都很棒。  3. 畫面引導建議：如何讓句子更接近圖片內容 請再仔細觀察。那隻有黃色嘴巴的動物，牠的身體是不是正在朝著那朵紅色的花移動？牠可能不是在吃它。請試著用牠正在「移動」或「站立」的動作來描述這隻動物在白色的物體中靠近那朵花。,3,2,5
2026-02-12 17:02:10,1,第3次回饋,"duck,rose,snow",What is the duck doing? It is standing on the red rose in the snow., 1. 單字提示：你已經找到所有圖片中要求的單字囉！目前沒有遺漏的單字需要提示。  2. 文法修正：你的問句 What is the duck doing? 和答句 It is standing on the red rose in the snow. 都使用了正確的現在進行式，而且所有單字拼寫都正確！  3. 畫面引導建議：你已經提到這朵花是紅色的 (red rose)。請想想看，這隻動物 (duck) 的動作是不是更像在水裡或濕地裡緩慢地移動 (wading)，而不是單純站著 (standing) 呢？試著用另一個動詞來描述牠在雪地中的動作。,3,4,7
2026-02-12 17:02:50,1,生成圖片階段,"duck,rose,snow",What is the duck doing? It is standing on the red rose in the snow.,N/A,3,4,7
2026-02-12 17:18:19,10,第1次回饋,"turtle,umbrella,forest",Those turtles are in forest with the umbrella., 1. 單字提示：針對遺漏單字提供線索 這是指天空正在發生的動作，水滴從雲層往下掉落。  2. 文法修正：檢查句子文法與單字拼法 你的 Those turtles are 開頭很好。但是 forest 這個單字在圖片中是錯的。另外， in forest 前面通常需要一個 the 或是 a。  3. 畫面引導建議：如何讓句子更接近圖片內容 請試著用 They are 來說明烏龜們正在做什麼動作。請想想，當你使用 umbrella 時，通常是因為天空正在發生什麼事？,2,3,5
2026-02-12 17:20:31,10,第2次回饋,"turtle,umbrella,raining",Those turtles are in raining day with the umbrella., 1. 單字提示：針對遺漏單字提供線索 老師看到你已經選對了圖片中所有的三個單字喔！  2. 文法修正：檢查句子文法與單字拼法 你的句型 Those turtles are 開頭很棒，符合要求。 但是，當我們說『在下雨的天氣裡』時，『下雨』這個字通常會用另一個樣子，或是我們會直接說『在雨中』。 請試著將 in raining day 改為 in the rain 或 on a rainy day，句子會更自然喔！  3. 畫面引導建議：如何讓句子更接近圖片內容 你的句子已經描述了三個單字。下次造句時，請觀察『傘』的顏色是什麼？試著把『傘』的顏色也加到你的句子裡。,3,3,6
2026-02-12 17:21:29,10,第3次回饋,"turtle,umbrella,raining",Those turtles are in raining day with the rad umbrella., 1. 單字提示：這次你選的單字都正確喔！圖片中所有正確的單字都已經被你選出來了，所以老師不用再提供線索囉。  2. 文法修正：你的句子結構很棒！我們來調整一下『下雨天』的說法。當我們描述『下雨天』時，通常會用形容詞 rainy 搭配 day，並且前面加上 a。另外，如果你想描述『正在下雨』的狀態，可以試著用 They are carrying umbrellas because it is raining 這樣的句型。  3. 畫面引導建議：老師建議你把句子改成描述這些烏龜正在做什麼的動作。試著把『下雨』這個動作直接加到句子裡，讓句子變成『牠們正在做什麼』的狀態。,3,3,6
2026-02-12 17:22:07,10,生成圖片階段,"turtle,umbrella,raining",Those turtles are in raining day with the red umbrella.,N/A,3,4,7
